Carbon (%),Manganese (%),Silicon (%),Nickel (%),Chromium (%),Copper (%),Tensile Strength (MPa)
1.2546999102698324,0.4081462946899006,0.38527304277876473,1.6575029022236674,1.1971059529273043,0.5677273179310546,1297.3657824016025
1.0741081709313662,0.34986315852199923,0.8326614836726377,1.5605096769322535,2.51940481999328,0.5793144666619379,1424.1197728679938
0.5382726422637415,1.838413161108979,0.5019931413184058,0.42862788401823515,0.5656218172477534,0.4896244620502448,1048.11727397091
0.43540326081046565,1.4881286008153818,1.2099961866473752,2.3260384512094068,2.0173814940750865,0.6447452485768186,1433.7350103147605
0.5189237972333332,0.7579855997435341,0.9086307122336205,0.8142281413401431,2.9310208633168306,0.22982672579761843,1238.2454964949939
0.4542326980740836,0.29060648557356783,0.9884153845704252,1.4900862684538396,0.3056793026188104,0.5526622677767482,985.2189681129106
1.5812104997768313,0.3055797990314333,1.2170798234622517,0.8528222787825501,0.024959826681576036,0.37217325524689715,1155.378034608672
0.7652379924167871,2.246058099193884,0.6543586617274367,0.4014850889990794,1.300748377897843,0.661667259629189,1312.5311283745202
0.2099010854704531,0.560481579324983,1.3811260957698606,1.8886730906752098,0.2778764491541016,0.14122354337314946,980.7788797554152
1.9412949972675415,0.8760917490772497,0.8462404141445958,0.1629961044687115,2.245153049028694,0.5708774168394762,1536.136246021792
1.7791931814305089,0.6439753653447712,0.3211367519694872,2.2459357023786,2.7436459915456766,0.1852703553833237,1709.0227390943078
1.8627293380709047,0.9519911339966495,1.0742587654363234,0.95276038578335,1.3020629181262766,0.2786430631150364,1536.4789601453854
1.990324863028227,0.2666172225906241,1.2105658906135561,0.0004040790134559602,0.7761349264663229,0.21870980032358323,1279.0265297479216
0.4304009735170259,1.3457434981798488,0.5434663478945373,1.5333874177116895,1.3032099570198294,0.1828377798688171,1212.5756974110484
0.8528598359150515,0.26227015262131576,1.3000509597982541,0.14055572558280938,2.170343453550003,0.825710951560667,1165.156906141872
1.5406531038377735,2.0208556187736675,1.368600556672073,0.8285086734626984,0.027162484741112936,0.28570756766089034,1452.0247451536156
1.4224391743022053,0.6609089965850392,0.4876662823289325,2.1209294623671484,1.7683619684540917,0.9271237818644493,1539.0184270142715
0.3924022220457246,1.3960285950508255,1.4769300618013108,0.1880688648655976,1.8398750546621372,0.9699265253451909,1239.3017733192225
1.6500829374821737,2.2121898101474997,0.29699613926826174,2.518015477068007,1.9130647406878065,0.5712604699370973,1867.6528255595026
0.5264370864896553,1.6621056857132661,0.3828219357634859,0.011459767975749324,0.7260662399426316,0.1430011226657264,939.4999328275827
0.5252534681629838,1.3790986877232048,0.35791477493323653,0.7404716076057067,2.14215817013438,0.37454824337958126,1205.858745884203
1.1202514034974858,0.8784010074769014,1.3515855940110186,2.2227121684562143,0.2741744589953292,0.797732263348214,1340.0001461293948
1.226585876199236,0.899204591339675,1.0160095732549466,0.9488104491879203,0.5978110094004024,0.36739072869707046,1241.160209604984
1.2021637948918413,1.7067686924756564,0.31294599651118205,0.3056771641980406,2.632410139963446,0.08701721830278875,1440.6483388560932
0.27382499105573427,2.485934466930802,0.7164527857156885,1.0807017564012837,2.216169452179699,0.5567849109281879,1407.3530308358231
1.7671756389977227,1.6884140556385088,0.9614172350977228,0.8111798591535766,0.041236662034035754,0.8451208514960348,1479.4821158541056
0.6046400809185415,1.4386802016880598,0.2168497189851366,2.528135706481665,0.7451287811094006,0.7959263871435024,1298.1078243964166
0.34607835043732793,1.8535612245741906,1.3353829157702741,0.9400437527554294,0.6432194489794937,0.17512314013035324,1130.5426301000373
1.7886213517510567,1.2164934694809235,1.2250449496181492,2.366797415328022,0.8124189841109177,0.6727646144124667,1674.1225272469487
1.9157378466365313,0.24434162224188452,0.8072894830072934,2.675616434432204,0.7426793108396592,0.2205042634356471,1515.3247966052188
1.7380424728043562,1.4495123581069835,1.4539772613628386,1.3014522587295887,0.18757888722853722,0.21820753455217223,1508.170218594141
1.6380805419772684,2.3983006828129123,0.6848653709851396,2.729829431563176,1.376821549790461,0.8740717733051852,1933.6153030855587
1.3449597632141412,0.5207270616583831,1.477754446651097,1.1319541618895785,2.1982004243584954,0.24966895274023015,1468.680984491843
1.1466290041573648,1.7560117379695979,1.0350879983250778,2.8922352494703247,1.8201951741523092,0.2632473465180112,1719.2051804830824
0.26527484383167926,0.5822408527817355,0.988539782555518,0.2678685735767188,2.0186150057942394,0.0006533907612995549,942.3032565734148
0.8760611048343275,1.3859864427353952,0.332336853414099,2.061057799509728,0.24344753560871746,0.8706690341255177,1284.7404487489634
0.8081081823233965,0.33202347915212704,1.3346988616265016,1.481442121370786,2.8544721305303615,0.7925948132091347,1459.2021639285872
0.5935321891446198,1.1808902470196443,0.6984855630888611,1.1629464163669412,2.5154755015290746,0.627328935090678,1386.8910881554675
1.4744982160083113,1.9147919893485905,0.3271267680954711,1.8981356362458026,2.4152709554869882,0.7502657639388423,1753.9998977880346
1.0421638966496645,0.934171658173557,0.11765052796606267,2.1115712749029933,2.4689514151253027,0.1520485674244918,1445.0164205600277
0.2539878102245311,1.6957881387693232,0.8836579570937355,0.013089808950927262,2.798131524398284,0.45832359458757543,1230.1362768014128
0.5183480837046415,2.00907990589535,0.8383594709717468,0.5008592662415962,1.632761898341093,0.3512193873487809,1257.604052442109
1.3981916509532324,2.3252267667506863,1.107095071316822,2.139138151902956,0.6008460536028777,0.09377652625701649,1617.8841172391626
0.24464863303157036,0.6631409964530884,1.346361274224923,1.9991562407346195,1.8503508235576236,0.4861304852149241,1214.238744610841
1.7172931366926605,1.0583581979423395,0.21116921850024134,2.8981425153860316,2.228644481003817,0.9207396503426354,1833.0541960353019
1.0407784013265513,0.46579843199300186,1.1240950864765074,2.283113370752349,2.2137521800620763,0.04005911905069448,1474.3022097083924
1.0131144969206312,2.4819604051801005,0.36237672173661506,2.852318123194014,1.5643470725006403,0.2914609134937939,1666.0153764383979
1.2255747908530834,2.3248023230183086,1.3014478744200295,2.107621504604421,0.20537615800073417,0.20754093620570346,1571.9385945239235
1.6668938352577833,1.395897112673343,1.2466889194063187,0.8941566259183295,1.1133388152903834,0.23814665366569632,1530.9916235307628
0.7608374950141668,2.120879906503411,0.8571112569797621,0.3160947667525694,2.762299825390072,0.9084345518793753,1513.5697491028552
1.3882306898622208,1.3502991454529012,1.094339918072636,2.3454715900348067,1.7533467292722782,0.4680690542342901,1681.5579083220448
1.174890731592003,1.5966056512066233,0.5400901584572477,1.9324476644277477,1.6149958297671403,0.4662994129398188,1540.8583631922788
0.6073537133219005,0.3138986370784399,0.7596350585059404,0.1445580371798887,0.8065605431465805,0.7605756424552823,878.6719968954225
1.7693969740748001,1.912649009192339,1.2502916567946603,1.080151397702935,1.1053467597497368,0.1544922040049258,1630.5637837163
1.6151094410531635,0.40651236072456354,0.7429712760424994,2.8703994464528586,2.686038267459508,0.4872653541000508,1714.2459333497834
1.3510584858510084,2.082562312606068,0.6009175714556184,1.5012034371306036,1.9993891425805073,0.4299852141210597,1674.0864329638669
1.7161052852790597,1.976867410408926,0.7918974261504198,1.298187408059114,2.362161080256999,0.5969106905466561,1775.9069668609643
1.7478589818236245,1.8009872745831434,1.2595489534121058,1.3730988154778818,1.3630362692029654,0.9995577032504386,1782.4558437906205
1.445889655758566,0.1867849132594291,0.5692912663192218,0.6266481720154912,1.8907416583684737,0.7694488940820471,1302.3559551662222
1.6903253238909768,0.8275080542687886,0.34326623039004134,1.1061215125943855,0.7451508262296226,0.3978657030174272,1326.7291909007374
1.425195777171639,0.7314701677860228,1.096819628463093,1.10943976796153,2.1163824908504587,0.827553052274047,1517.1488137146216
1.3922674663445709,0.9643273779316458,1.2563694977913145,0.1570650605624172,1.282804001110012,0.17070836331248018,1283.1815990037228
1.2753616186088501,0.3103425922332125,0.24089246993294666,2.302702885553755,1.3276365444442368,0.030463686308960125,1333.2785771259
1.5301616151595183,2.3486987752745505,0.4358237578583226,1.2495132957116368,1.947966973730645,0.20444837246427305,1626.7571590863336
0.40134970005684,1.429125377709703,0.29876078566539144,2.46653966044927,2.80884186440678,0.34041155611425966,1481.9603446388876
1.773654442477964,0.8332583455792565,0.5871179762150333,2.551044003359686,0.19201903982586277,0.5105807574595599,1499.5973755757002
1.7565027027159408,1.0527556409782801,0.7304913704675776,0.6359821640959742,2.474229712041023,0.6151291405411998,1587.1022059566956
0.15556983776566238,1.1732860972116057,1.148356871748629,1.9720604465103857,0.8771493312365793,0.9106057172144217,1148.6244864166172
1.6690518260730491,1.5414264000654816,1.0116066188343438,1.4168454124889451,1.3317583635191335,0.5098540095504577,1655.6549278750374
0.34485274819954587,1.3376306264715947,0.9692999944698035,2.640470213764455,0.06573998632502687,0.5012756446257294,1152.6377121690325
0.7367258230923696,2.3065407357146017,0.5933249252535161,0.6472220375293624,0.9031382335029391,0.05024300982298213,1202.8608253413074
1.512665686954055,1.2927123589739926,1.2780265743186638,2.0334396009301328,1.5078937278903914,0.03491155265622381,1641.4364846879037
0.4054438024917856,2.4811792355759503,0.7598020343574303,1.8232563667581676,0.16852823204231704,0.5511599619163721,1266.8651177943445
1.654137345826218,2.14341989858823,1.4707469132212163,0.8859044327154983,1.4732871881494956,0.4381786132483445,1683.3423099051388
1.6810549381197097,0.6004252344576059,0.9877989936140315,0.40980271095351783,2.781331886575282,0.8391803949802986,1583.7683715914848
1.0641886941455887,2.333428515145399,0.2767706381903038,1.9549192814318297,0.31617965432341566,0.16067958471184518,1366.587727119641
0.11213315626198381,0.37927935492514264,1.0466485869056075,2.215792374396992,2.293322184226513,0.024971662117049598,1183.4875552439996
0.6453724530323343,2.06187930037886,0.5551456216043785,0.94688203129005,1.229013160127978,0.44903876793012587,1293.4466561095842
1.2721611449139103,1.013495904343792,1.0608580753605363,1.9344978120669414,1.9655211435730142,0.23747855675225749,1559.4292168584623
1.9642537382521046,2.2071383690681667,0.19749760742736805,1.1853927228345098,0.7807097939556881,0.04961437333883745,1595.5345523584094
1.30044570133167,2.1833360562578807,0.3448340120463431,2.139620649847853,0.47847678762407486,0.724598286847629,1571.5115887293234
0.5936268040219036,2.0342209602822905,1.2980321624681008,0.5976458246821593,0.4813878428136793,0.11159299995724747,1157.359416567279
1.3046108358892616,1.9960730471369472,0.41805137983292084,2.670645007908523,0.21147583692943395,0.6083195000077717,1511.679878062745
1.1259722214601255,0.8312299338352979,1.271857575340116,0.8622287893967392,0.5569401147037291,0.28104975016688916,1199.8155394581036
1.5817062507871729,0.29420627932300525,0.4909865238361746,1.1033579632684587,1.9926581549669047,0.17349605035502202,1416.5255707788272
0.303263213771221,1.0671524290363874,1.0000346740821906,0.17427585624104935,2.645071835530524,0.37975152291931746,1129.710184461959
1.5459530147538532,0.5164588359676208,1.0718108029137634,0.3345366369638292,2.4423770567734855,0.8014457762229537,1470.9900884550739
1.1284064994846095,1.7678826133659082,0.8177166544030741,1.5475857081369844,2.0554029296234524,0.3920935769045727,1582.006015801504
1.9296848073320898,0.9306393436906852,0.5274349473754237,0.8027780301839145,0.331295590233308,0.7507696492110557,1377.137800292052
0.7495571154735036,2.441464482063796,0.39770212691953455,2.5064406772265833,0.8675623388878495,0.1254862967991507,1436.0607000705616
1.3019815969545014,1.638332985628797,0.14646509638739671,0.04408016596486153,0.9294206259674069,0.7727714196650791,1269.0918227554228
1.8708534004690331,2.0739533527224663,0.5255249617370134,1.1372821460158087,0.7498708391928637,0.23693332490664865,1626.5833995216938
0.29476848318229054,0.41805921458043627,1.0144279067437962,1.012036640307278,1.5450169791291692,0.6773931298888728,1039.7668328102743
1.8807341257492571,2.1688347574542943,1.4136267458278757,0.057982892752803106,1.6066614446390177,0.5657815548409963,1679.5710350000872
1.4069828723715454,2.3146172572321464,1.3196862751682727,0.37310519700153066,1.0706579255133306,0.9291447172116873,1537.858045818012
0.22889041229982662,1.2689486051654462,1.1724906871494236,1.2409280247559058,1.0613674762093082,0.38732251797531403,1103.1661642998279
0.6718307771989508,1.555007050602346,1.2038262805546183,1.47859375334234,2.485666793718244,0.06616518883444045,1483.783266251376
1.445526968426035,1.935543522167189,1.0309788648663933,1.2128692417646074,2.3678785449590567,0.019155485551252904,1691.6833738254786
0.22796614279066624,0.5196127054249902,0.4644016005924042,1.5928130352362815,0.9233874950422369,0.8268585609727531,978.319040963204
1.2061238743349192,1.3061585835122618,1.3700730429881618,1.7853950247170447,2.741365331619778,0.5247356376614322,1700.8339245564905
0.7571778082106178,1.0567912666535515,1.0390252366681676,0.02977146338350689,2.858445051007518,0.7752440518349493,1312.6736803758165
1.2797394837582066,0.4512975811893979,0.8846168833726159,1.3922854783605116,0.9802276260901225,0.2344256000115147,1272.3753499656443
0.18690986424377443,0.9820826134996754,0.2553852568988735,2.890497722662765,1.0632748463791646,0.34508374551323373,1163.3423032606968
1.7559199316895149,0.26361354252518454,0.7258777613289955,1.5570968403886463,1.5169024602658765,0.03010387221131894,1394.7494804649375
1.949629041437054,0.16194857667876877,0.7445015796826967,2.0326268023768597,2.8233624376010207,0.9614923245741122,1812.9145788498406
1.9408679250428138,0.4243990939715746,1.310389053331738,0.9355915737506496,2.6289582994269347,0.6678679067008134,1702.5842507382868
1.524338480311557,2.411476267814017,0.8653075082629038,2.3219741344582876,0.3077038877507694,0.9332050877593062,1736.172487435708
0.34716385624820073,1.4188708861480408,0.6325607685585735,2.318764445628345,1.1781922298142486,0.2654964074290723,1208.7047117026916
1.540700072265143,2.417973186767728,1.4675204599149232,1.563888142962417,1.6601135692493156,0.6114636112256608,1802.854628746096
0.14671514127172286,1.1379949079923168,0.25500883065684193,2.9280414698376407,1.50939741765462,0.6784999682926378,1245.8869132726577
0.1420347479050948,0.8483587194046229,0.6915677996367224,0.37665064428796013,0.581589203810678,0.31754970025758844,798.4608476169242
0.7148594163841283,1.314740470816586,0.1588345452399674,0.05084299466874298,2.576450313504464,0.8481092350156301,1280.8490977874987
1.0284220617688649,1.1548280527189843,1.1358657690737026,2.310474635271288,2.030822348990512,0.9471614629002478,1635.9673748845237
1.563774093834807,0.3535952422281854,1.385307173078811,2.4214666120946475,2.513725124555411,0.8848551176960043,1752.8458264925118
1.39826121555236,1.637983155256495,0.49205226137068514,0.3606216873617287,2.5762928380484165,0.7390669759393725,1538.5623792021784
0.9472151421158218,0.618491638023039,1.3016783475187692,0.7967484988758182,2.245067560997219,0.27746467972495403,1344.146558514445
0.6198906659351651,1.587011091754791,0.5091055226466569,0.05265709009988673,1.3176318037491521,0.28161604210563174,1058.5917363823025
1.9945365502996513,1.6604826217555682,1.3750782263014814,0.8799258323416941,1.8316402650462735,0.9633603204460379,1847.9173152559874
0.9097444742483486,0.4648596475087554,1.1555466650354975,2.3194256217560145,0.48109621835922944,0.010284495935692028,1194.3184505438714
0.9576353462263834,0.2472391050656036,1.2268694875780142,1.5538815831377368,2.020936252424723,0.7160499732421445,1392.5070602214494
0.4108852602641715,1.9738278065642556,0.1252091778406363,1.0442867795048643,0.5377597672178422,0.7062461625552622,1104.2246305580156
1.6101381426248658,1.2035210170463684,1.4479344999036363,1.1152178847189909,2.0818487715304705,0.6226895409497974,1666.1316806966513
1.4179962289848285,0.2395931092131419,1.1173393888984526,0.004060877146404462,0.688794482261906,0.9901088460868658,1141.8242306301768
0.5194622642986447,2.487679161207441,0.5266515335405866,0.8994015826957077,0.3526539004506599,0.31187943576372523,1156.6798954786527
0.2565239866701011,0.23867334639127993,1.2611525308023857,1.9393762249137914,0.4958534704288723,0.3399718637932482,975.2233507742664
1.392948673941955,1.7680845492605277,0.4941296777809019,2.9225833314490712,0.005976405657210804,0.07893940294655555,1492.6448610486261
1.343571307134157,2.4608294206321926,1.3218553753925792,2.5411824809516985,2.1562188535605906,0.44279813654373745,1917.6072955789768
0.6191931012965977,0.6740322501182214,0.25761254657671184,0.07078489393658738,2.1972031471751374,0.2610485262348481,1026.9363581243258
1.9066407682757798,0.4413984848492708,1.085160368445114,2.695681814024518,1.5448000497397785,0.3433867021776442,1703.50020799412
0.3870099943837104,0.39132385461382935,0.8569778673028744,2.3495952398958777,0.4840884031661511,0.8345717902556277,1037.9190636712901
0.9214361219809436,0.8278603541622293,0.23514825827361713,2.341128370712941,0.25066301253206924,0.9354845135274957,1231.0032801739499
1.8928702483184379,0.34250994642555205,0.43865135956237455,1.3739872770107144,0.05738689931186103,0.18573307200518563,1232.56302455356
0.8974819021596323,1.7611872200659167,0.11736565078824071,1.1940158788635085,0.4972445308956621,0.37250893155346587,1163.5420689923558
1.3131993005617626,0.24950031551215046,0.7562751516503081,0.9087471864995779,2.67256660494944,0.9286305621153941,1413.32553733193
0.855429356129309,1.3226131075594953,0.5217713650640005,0.19708457686309733,0.7246105251050453,0.06180846068922263,994.7323384710168
0.621008884462473,2.492072449247144,0.9377004780168623,0.6847060904810973,1.0628139816516469,0.09236052811137851,1255.4176264677237
1.9695575311236737,2.053528646814445,0.516132930792064,0.7398109049340739,0.31603645344399955,0.16279098920622936,1480.842666854235
0.8777346119985817,1.576526651754426,0.5198867561097785,1.4522312091306047,0.6670839142445109,0.5952128341268748,1305.4110487431253
1.7987884869903554,0.8350086898878679,1.1404704782242447,2.242333219790082,1.5576737123406152,0.15047227100599747,1653.5373772544367
0.5369137511930637,1.5973500070999325,0.16739997036969484,1.4214294851938398,1.8232580492869577,0.9680763814507335,1315.6935845463704
0.5048989376476583,1.364899513387964,1.3640529932687822,0.17353334834148182,0.7360569424986332,0.44671452725852034,1057.335247138564
0.1591547574805716,1.1226001213368917,1.2931694241476541,2.8733694029646117,0.17319647767535162,0.5015179603501664,1160.5311784688517
1.3381669682141817,0.41370490417647876,1.0349265565169692,2.828172957282337,1.173098607382196,0.2466586158054065,1479.532461783956
0.8002000530751461,2.22785011657712,0.930510198150338,2.355568629445225,0.7026101127790024,0.4709602524347335,1459.776650865984
1.7422806746953103,1.1794831571711741,1.349223497395513,2.9739837046926616,0.6586617696894058,0.6619136326370115,1765.6238782494777
0.9990988227139586,0.5670940283698361,0.35946225134020027,1.6334469984007889,2.879588408140366,0.7511771369540428,1494.8499842686467
1.9395675130379713,0.982622442105495,0.21055682706716006,2.888305050759618,1.8489014577771723,0.753868082709913,1771.4680520975567
0.45249847983593017,1.0939114060694248,0.4353142378733533,0.22681512185025232,1.6706353295162877,0.5778911126940883,1019.2977144324162
1.7503840191156605,2.086090949360498,1.2124095901802663,1.097042244784114,1.2473253105699658,0.9043597749938572,1728.863339806896
1.5755340203043093,1.860674513347365,0.14853837341707665,0.6761438040202975,1.2868330002904327,0.8174078473061094,1469.3167173146435
1.5647515048236988,1.9463317447392154,0.9159295691168854,0.5874992524028101,1.6227150115142424,0.7570481146986254,1612.6746732468628
1.7050881334220866,0.1264750346287533,1.4936125226678338,0.42240884667802825,2.0892894211083215,0.05560552168046062,1392.5946867362766
1.545945582791698,1.0987695956314276,1.2979745313725553,1.86724092469799,2.106438288545488,0.006877962219649314,1700.2225937500516
1.2898186110996892,1.2552259639247767,0.8300239646610251,2.343965567241915,0.5150817231163487,0.21244727719547296,1449.3995932933453
0.3493652675965364,0.14606146437533604,0.18909727300129928,1.734895198261082,1.500338256229881,0.6635235939134523,1012.8285284014606
0.16179974103337863,0.7235517009880821,1.2639229201399937,0.440888128764629,1.235874285102306,0.4111974888825458,954.5827012531042
1.8496109108498051,1.924695575493124,0.9385699114480947,2.4333713098004126,2.6115808988081524,0.40240625929931173,2027.289246568913
1.2716355975894023,0.42906329374959773,0.2609061958833936,1.9078641214911856,1.8942567636551293,0.8845868882296137,1415.4717369612094
1.613420852854735,1.38474431548622,0.23140019875269868,1.1644971183809867,1.5975121992479453,0.8955628481318387,1526.5704746036008
1.0148924678738451,0.61648449284137,1.3734775472112293,2.0223908866081888,0.3461839265367521,0.9091752640535857,1305.3676208764582
0.32288555902854954,0.12908985914534385,1.0368803681133099,0.7797149377284985,1.8169136679702342,0.3138780765150273,995.1635021315591
0.33785300518484584,0.6788834982388995,1.2610015190434578,1.0355766254826315,0.35161171704070027,0.6910558127392618,964.2435275884433
1.4025740457350455,2.442097011784129,1.3305704603951742,2.7524575293959708,1.0116197266972562,0.27163318127436964,1774.8563361966835
0.917581200308979,2.023689068519175,0.900481292867651,0.8715135170142612,0.4285258944429956,0.19060983307444979,1230.2642340743196
0.4809969807306398,2.40298394637048,0.8244248924570577,1.4099648044738098,2.0762209410731067,0.18463245734736922,1441.4311381862062
1.03402963880873,1.27084970542327,0.7025983744493862,2.670423412188044,0.6187563415084578,0.34210762086359403,1401.2616925509199
0.22199698044275476,0.36336687682600843,0.543725222907567,2.1231640508025826,1.175578119564078,0.4299576197798217,1061.2285189031045
1.2057456636373578,1.415102773536863,0.7084343452021964,0.18660967849410826,2.687024332856336,0.8309491710550684,1463.604540879549
0.6110874684266855,1.190505602943906,1.183431518022219,0.441909132836911,0.6129491501969109,0.1198910934727121,1033.8597014871027
1.6153622912106576,2.1264569985750783,0.9426928034211841,0.023524772315750453,1.5234151918763374,0.7349258473948942,1594.6390535454975
0.6896877219547901,0.335398193882187,1.3495326059367845,1.8927653706874903,1.2578149834980659,0.5314549141893053,1276.0770357851843
0.9649182832554222,1.2717787288522677,0.7207320201308628,1.3430202762312549,0.0543721231371892,0.2879453426759925,1138.3734378502984
0.12207902582539121,0.46011679526556226,0.9499254102062555,0.4028245527068266,2.3782743407184386,0.4928195845328246,1012.3307303386517
0.23764908680966187,0.8792222245361438,0.9838305743287841,2.873802363170311,0.20713771894379918,0.29994206977702265,1111.7352976232348
0.845737757172701,1.8696569857307193,0.9283760272288557,1.5889791718368595,1.4227650629308608,0.596081955238306,1460.2014471382522
1.0118837859625347,1.2424435104850398,1.0836872823197228,0.7256798823386675,1.6820348848168498,0.4338439228552442,1341.115560532505
1.240039041426677,1.0021318843498463,0.4324068557247288,1.5018107134641228,1.885279369843761,0.16440552907887873,1414.3917897554368
0.6541588995476761,1.0467430685680847,0.8173092885641069,2.0388609982053234,2.0658948879236267,0.11658307455569672,1308.0672692262553
1.420465583640431,1.202672244174368,0.24591472393168673,0.22871765392069343,0.7598171505681452,0.5466956820721302,1220.1983333435396
1.7342325546594888,1.9840397052089365,0.6383158587027375,0.824111445143676,0.02993632997534812,0.9024130332861034,1468.2331354324858
1.5817168788973646,2.2410032534565625,0.7827338960697701,2.4208964726519806,2.170330987064736,0.34395768655768555,1888.0962401859506
0.17527576816187856,2.392803247609428,1.0131139633636614,1.3789946112079838,1.6069697980427358,0.7330001072226232,1394.1072945812848
1.012963199789875,1.9885681270127082,1.430743473620685,1.6397314260968847,2.5083531096217464,0.658661354939767,1713.8830433021585
0.2993673389945323,0.8569765497952305,0.9409114931676982,1.2984480066284076,2.464165088702083,0.931554914309481,1264.3814783176465
0.5598855301388022,1.7515232946077013,1.1410314826471837,0.13169982792901536,2.5299785033636493,0.8209810172991409,1403.217843887288
1.9746589272075783,1.1502474977329407,0.8087724832932838,0.4972493394604678,1.4552839799386206,0.566605258905463,1529.0221364833144
0.37074153151287514,0.7112094929105228,0.9877456439268637,1.3366249162256727,1.000885187510597,0.6570304982341073,1055.3189512889244
1.0478874915575764,2.118091790622214,0.1993051025872828,0.6275563962237835,2.37467460777411,0.8983864665840349,1513.9392664007676
1.2744958952044263,0.19222323750957998,0.4561482131785858,0.1499370859790362,1.3538823390877648,0.3995187845869348,1103.5656101599325
1.4346834440337974,2.2642287811250164,0.6065943304871941,2.530948992155471,0.5503265892103035,0.32679470585777737,1639.522692757873
1.1633324986251368,1.207545915099362,0.761490697009119,2.9435775874923475,2.564922058684423,0.010811083635196339,1668.0703752655365
0.11856461009644896,1.629283544339873,0.16390824370333723,2.3794286219902183,2.647679630317042,0.8265510741914642,1389.828751044979
0.7202764856635845,1.6824494132938785,0.2960337365746447,2.561354765114001,1.3989292684205104,0.8009807004033649,1447.2182824310266
1.0836521224309517,2.2482825776956874,0.48754003090782805,0.7259313909511361,0.2270991819293624,0.10445451810015138,1235.5831727639277
0.2669463483751834,1.6280072372012977,1.4601457672614708,2.8818809265395995,1.1634782697507937,0.5768573811327002,1427.8114905457917
0.7661911692974434,1.5734406034241484,0.5638858099442711,0.5907771133602852,2.4106129783878103,0.4639816981668874,1356.6574310437113
0.16308590670359646,0.2599648973456559,0.7748574813569155,2.8542894310854967,2.705322085638686,0.11870909550911146,1234.77644112676
0.24929914459453942,1.34417925266849,0.37453679783375005,2.9844578818978533,0.6104182274927875,0.9805682270607236,1260.889586650497
0.8541542247830325,0.46040560196089997,0.9550920995060755,2.1351684172381464,0.20092083607581457,0.21469588746335544,1127.53024322972
0.35215993268181467,1.8698410449315654,0.49295650172236405,2.9434311953754655,2.632051359398516,0.06723418009056115,1564.5399240434072
1.1783276116969605,1.3293326099504188,0.3897896098137975,1.708619338701311,1.1682148169366258,0.5948473795019096,1411.1996135299346
1.409983441360805,1.732546670100048,0.8232016798243706,0.778625349528271,1.62528289280269,0.7388666771330327,1558.443479010116
1.6211147283072576,0.20001496144572223,0.10770811882458915,1.3109876569968626,2.904197436152277,0.03244344604718696,1474.2224765041635
0.48028546406513917,0.3035008385099277,0.11072964570891547,1.7806828061363578,0.19969418374266856,0.6587176387270222,926.5350127993192
0.4182169062922325,1.8191761313504375,0.40669633274260086,0.21924468608104497,1.9449540223562867,0.5322918759514544,1176.5157916565247
0.2986788966353605,0.27300240639681606,0.1514099075011496,1.8670297938517382,0.22231626772460122,0.10326500887504841,805.9752566365486
1.3092174741329097,0.27101614663662066,0.2512360557829679,2.9435335102868834,1.1264067853995012,0.17252387694636206,1419.1740164841342
1.4423038803251123,0.1290603405637299,0.5744049090742522,0.5703229493511829,2.41144363558034,0.5679742973160805,1360.3155618411495
0.16001367516871987,2.395603355918752,1.223619951411738,2.37778534886515,1.3004166982669032,0.2963576135132884,1422.2420873544022
1.8788032678630107,1.8700200627016168,0.9008681007170211,2.723696381338858,2.991547061708851,0.9383157286513161,2108.897810866513
0.19874543893779759,0.9478033804049539,0.8177348163389829,2.8311047784606624,1.6771778548398064,0.8187402294840508,1289.253783224729
1.1284630370720339,0.8116853950903725,0.5108843524913703,2.8804068132163416,0.9634864579078605,0.983567206513663,1476.6575709773526
1.4472149869567412,0.9392877513900388,1.4044552072059429,1.564378916164416,0.6603339777142594,0.259670838950414,1415.3528660196082
1.7548413351175627,1.9591684748348364,0.6558210577320682,2.931923723974511,1.0515616028584853,0.969723632797977,1849.4363084338972
1.4567651710516127,1.6872894665689946,0.22192987351408008,2.2719306214033166,1.1175998212786524,0.43123386979155787,1571.866312260345
1.6232833578326045,0.544469362881923,0.9638931225649218,0.4850143087108857,0.20614103317188293,0.3475187953137546,1213.094005535323
0.7449553658313315,0.5178624048018025,0.25937375086724196,1.4307003194039098,1.1087225982803195,0.05034952696935324,1061.3608285795526
1.6481677161183732,0.3361495593121535,0.5833123999223689,2.154993526116012,1.3927155592176748,0.05276525785960262,1424.7849375691007
0.2522182081308828,1.6847265272832115,0.8103767142049324,0.74202094745725,2.168213256716414,0.6920112559466547,1240.3731865125837
1.8001516465150025,1.9344943893321662,1.323911534559246,1.921845550646662,1.9701884541648238,0.4579289944340279,1874.4710508112885
1.140425514692099,0.7361114279800096,0.790965212476166,1.9998014371398578,2.126296965687463,0.2265216260361057,1460.668615863479
1.652865762928738,0.15026790647419075,1.08316227244433,0.48809923142569767,0.025091045630571296,0.6139703063252326,1135.534900053919
0.9594047405847702,0.2972120019434256,1.4899435745986984,1.6952559373582687,0.6530021987416081,0.2528581182501112,1182.922897236646
1.3227976208733974,2.422864083628073,0.2840847678571743,2.314880732935823,1.9850528651995694,0.5776317543444226,1751.4040864717206
1.1001650557786151,0.8090674659458086,0.4846241357273273,1.4966869936078258,1.4519681045392414,0.35920874698269034,1298.0060366193075
1.4900200913351307,1.9461355548115207,0.6524065058367049,0.036309350328322276,0.01594042700503784,0.823552226611819,1273.5039364141091
0.2550969658581202,1.599192565250233,0.6905594499543638,0.027115407237876532,2.413483927295467,0.8206961607667793,1117.744359626328
0.21466895958207122,1.0166551351669502,0.675429505371764,1.0710880319100364,2.318428719871012,0.4773503981224013,1198.3891824203256
0.5694961446192782,0.5936494292693323,1.370655403579177,2.778582205295346,1.645257488980688,0.3508191093350156,1397.624249261517
0.4031348922150578,0.39132740358257545,1.099645702253599,0.6860303388108263,0.19938997732881636,0.36255979655909454,822.9528533291275
1.7563887765251833,1.57603112329328,0.9510672997269852,1.9030910666150613,2.299545148597754,0.8057145256682179,1858.6305170407127
0.5165065759802842,1.9591210735306912,0.5331218050078949,0.6662276120799617,1.7511407631940918,0.328179482797612,1215.8309934947397
1.9541439860563494,1.6453702084987136,1.2533065379098125,0.9650099689786459,2.3458799314738776,0.20905937370684602,1831.874769441568
0.740102004365103,1.37272511979798,1.4370847160789846,2.544126268804452,2.2552409771875213,0.08468834187530683,1615.6920448422782
0.44602403980852867,0.20068293623592703,1.2496775955703172,2.1865843268098404,2.4090062158735113,0.4666931208844084,1309.574594660244
1.6004271635707104,2.4243730662265213,0.10219114726806207,0.2861978319396319,1.5540241992138744,0.4821320989198419,1554.2326112490498
1.3515447734516646,2.0169140599709787,0.9909619182567697,1.2861060629593009,0.420973554580545,0.8409087104029072,1495.34354202235
1.046571861260964,0.8027728880823153,0.171589534018941,0.0875092909357934,2.013472420139066,0.22123869644606398,1116.9759484255317
1.1551907467814995,2.4519287904612415,0.46065010846721055,1.442670439809027,1.8614213551559118,0.3809912736683999,1601.5695296485917
1.4664833787173013,1.5445158151271732,0.18333458048688037,1.9873020351032042,2.2267595615972615,0.8084057388936909,1693.305906988854
0.5340640085294676,1.4978143796973915,0.9453136341291428,0.3555078707944547,0.5096430181522059,0.8236236107489735,1053.3724303740235
1.9930344405078098,1.895375630630877,1.0612258788896494,0.866654816727497,0.5849255997008677,0.3846110759787682,1598.6201018937402
1.952107008078888,2.0482474914163302,0.26028269329226716,1.1935098765064707,2.6712285516579852,0.4591240232866809,1848.8715633072763
1.33561880405918,1.6755486575956064,0.6373744362629712,2.7585930739681492,2.249933395356212,0.3032858908492829,1764.9560539750037
0.4791306567653757,0.40742979127888,0.7387311125377588,2.9797650462688923,2.7246854661009685,0.9325548784193121,1475.4828019883012
1.3924336606194536,0.9118420143867961,0.6166742304652831,0.13473389698684757,2.276145963491762,0.11864376574158031,1317.706703871545
0.2371769770604341,2.3274007367825194,0.2694350006792703,2.283023770486176,1.7914659179709056,0.93374942300147,1423.7572505855678
0.15823975419103153,0.6390774684252446,0.6865269062624655,1.1151721992070298,1.9623982110836211,0.6838664518353432,1036.7749638442385
0.589597488171306,0.9932008572100319,1.1516492669317855,1.17737455868844,2.6673837718200297,0.5315721526867312,1396.4669438408216
0.9789836178047009,1.1369845190660703,0.19941073034655765,2.262794920041068,1.7364202635358215,0.032659060784495875,1342.2802375343597
1.749717760275923,1.1545719752666852,0.21225201971466484,2.755279296436226,1.8971739729851622,0.4755961918220083,1762.4679225349835
1.4816212325559852,1.5710549979868613,0.5966798085703778,2.8527857835076453,0.46943014801080174,0.4077481050027323,1607.597130979687
1.511142390279964,2.3633820105872982,1.418415996266495,1.7313677581149625,1.4217636603483081,0.16121881197512256,1750.7511064559176
0.9084373354513431,0.6776625083980119,1.0360017054120796,1.0713634779015084,2.149191335874297,0.6564096035006569,1292.7533610066653
0.7572764858392295,0.39160330312220337,1.0501379393415906,2.362647257576338,0.8128280949490962,0.9711509073682858,1260.2999288306016
0.804973649670745,0.5739291756638495,0.6066879871730109,0.7530041497869008,0.6067625415736048,0.5621888110645251,1006.8032081171295
1.9765341710985098,2.2286197605022466,0.9311251076919538,1.6922220865005533,0.9414804246732467,0.7147532764439458,1789.9406622430506
0.1762074636837167,1.6499459503724945,0.11418365763884074,1.0757353845746196,0.7245018839785003,0.06845045256601678,930.9021613458093
1.7473598426326522,0.7861762941739843,0.990534464973359,1.9698932211236282,0.6447379111091875,0.41766699581699473,1529.5848919930556
1.1994832762875476,2.058272653524681,1.3786017266067314,0.7211967386805207,1.2745525286042607,0.11635848516449587,1482.4522978466953
0.9333692964602218,2.1672879912722465,0.9576028556827468,0.5747788372044773,2.7235155416506025,0.6127958355365104,1560.5550969870178
1.4779895547887594,2.131634412856667,1.323178030852883,2.754717260026311,1.5211789402161549,0.9384821582141546,1876.2905757290384
1.0246709887069354,2.305423680734931,1.1135622776525314,0.3054110488486107,0.5637611424459691,0.6617777324716385,1327.5290004376347
1.7595041523551551,0.7053784484160678,0.2687817829651663,1.517873723204795,0.23091500814262222,0.07680304831442153,1275.3431278698786
1.8113335416213912,1.9121006289910678,1.3634346302001785,0.6625583488890268,2.088468435413776,0.35466620498508283,1759.4104605214932
0.9012697610595652,1.205294793457936,0.19302138209808484,0.11678988997700235,1.1483962933091636,0.5506633794408515,1072.6369603721237
0.6259728147465979,2.1207965269361475,0.8475544615668692,0.10805645487427917,2.465492839756078,0.4032077561332522,1370.666302933522
1.2254656243273883,1.8483776251878716,0.2989919733108407,0.525665316317482,1.9785323059223106,0.8336440104751723,1508.8156078794495
1.833490356671713,1.9634738715993392,0.11638925502326569,2.6003110635180007,2.3887243516241057,0.8146710047099892,1968.4090174498194
0.5002581591107664,1.6747884104345716,0.6908479641786945,0.84743623193108,0.8158381182553462,0.6118310201032214,1132.2348305838843
1.2836365087706174,0.5258290467272965,0.5130569907158187,2.8513775117258873,2.0770767673831743,0.37345794513270525,1557.4044955196584
1.299964418175789,1.408064605352652,0.7804006913166441,1.7448668789675805,0.7921859540811563,0.25533637376324414,1407.4540958490534
1.492914742589034,2.4632073748588197,0.9080798414283711,1.3098425693062983,2.8172054383508747,0.10587431821312931,1864.7228353389642
0.3499786017417936,2.3497313595930853,0.1612347012325263,1.7402665040083638,1.9091228446001232,0.35489768348655404,1349.989227458537
1.4600674328959682,0.20361696591282802,0.27220461317324385,1.5500951556788034,0.9735354005260263,0.4131725172077195,1246.4442375515732
1.8271617892647178,0.4955555577506491,0.8820993550305954,2.2763287612719756,0.8085355868768179,0.6758229251040736,1550.8089048886839
0.4413979068534597,0.41614905629094856,0.5804342944417215,0.8474881979185568,0.5727797552149305,0.6581598242975735,878.243812202571
0.5513323173553675,1.8423517839647092,1.1208428825692272,1.059151174800907,2.0839228766811835,0.07010813964125695,1330.7052876129333
1.9456506786791152,2.062684791656668,1.0132083080287155,2.682282907599752,0.6561468389937819,0.3952593154311578,1843.624619597426
0.44385621014803056,0.6124272791456126,1.2838461081858696,2.8393695394512166,1.7859097977824672,0.18177886721736192,1341.4382027931597
1.7233316774022003,1.3140464630843895,1.0694899573369154,2.6776746824594237,0.793905080776072,0.1568127053168057,1669.7020436802745
1.035327927251266,2.11768726722688,0.7019035083462073,1.2583439818719406,1.9859068343816058,0.8273021497372459,1571.3961727358428
0.5697390413660364,1.8587237074390015,1.0421532713522053,2.341096509020645,2.4448191856216175,0.04191521671625753,1580.8924663548935
1.7544248124177717,1.401369293180436,0.4855336439575859,1.4290071999032965,2.3340757294339594,0.41918287590212133,1680.1878941199197
0.9460799845050644,1.516834457101055,0.5288388982894977,1.4926195564383065,2.2825539927923453,0.1682036557665182,1489.4585542805735
1.0781529724664114,1.320065312599072,1.2045792238891107,0.6140403271718519,0.5631672170767562,0.879330215678474,1232.9971777137935
0.7825434018595547,0.8141162831651694,0.724987322962215,1.7733909097755494,0.2651548409535561,0.5570405132750351,1135.4852813117825
1.2266066177263621,1.4560527828616388,1.2177324767256934,0.5584076932600438,2.096846485462157,0.23138063637684803,1478.094987645458
0.4106953579115432,1.7533247249202177,1.2513913231355898,0.9946940972015813,1.105041641383054,0.5024272871663764,1203.6724679551976
0.8430549196383453,2.1959749980659384,1.3005872727257972,2.5650906048598054,1.297038679210042,0.7314863597031158,1663.119004884957
1.9418834124370463,1.6270992495501955,1.3832893301776903,0.6212274276325657,0.0934472783801732,0.9581180089194338,1563.4752758846948
0.5904535221321423,1.9266916889035792,0.7033793087186146,0.21347485552029843,0.7787293478251476,0.22044600424541894,1038.8333023217524
1.3477996626284552,0.4841719238909752,0.5464135456495943,0.2070227778384489,0.10102921162339207,0.8861817721293451,1059.3948284302546
0.7178611220269202,1.2077379386074958,0.9150782452317593,2.8223535615093236,2.637557317803743,0.9343041141674903,1603.8136844864546
1.5695989388045413,0.12239588758502391,0.6196413928126786,1.5207613138855038,0.7301900496555914,0.9164205445320662,1291.783821119293
0.34865995536486466,0.6920292748518952,0.9415038335203261,1.228236215451055,1.6720115087190242,0.6354143568619098,1157.0732225924667
1.942659985649235,1.8435081162712117,1.0878202077013543,2.4326357430237553,0.11693796198339124,0.6298206544347077,1720.272676357562
0.9622001286289145,2.480343883238472,1.0637670258889915,2.507477783731548,2.0005421739169744,0.4032106331838228,1740.8674980187016
0.5484958803582815,0.3380274390093182,0.6243740418281698,0.9965730993468138,0.9690820372622816,0.7523978823037879,987.0167757350607
0.23964381992702405,1.063586358067092,0.3336042823782539,2.0808541724213856,2.6937575608729976,0.5312940183509319,1353.8570999449073
0.42254001966632737,2.0201703248779825,0.7027410738470905,2.3133684475556597,2.6643545668021074,0.6774380712282945,1548.3677508736837
1.0875705022564335,0.5896855231093572,0.2996318017146722,1.9639520605978635,0.9758718550852433,0.42845790384879545,1224.7597608612311
0.7403060352194439,1.4322038783254871,1.3461358492573317,0.4547852244002981,2.7028826870714036,0.7314964640431391,1473.268268915183
1.674878395176958,1.8593711104712196,0.5842284450330003,2.627649250551171,2.9884730204963366,0.8244715176045491,2054.967915812899
0.9186862949574313,1.5783650806244298,0.3162436461126533,1.617283658208026,2.476246992371844,0.14643625660281612,1471.0818017939098
0.5725571179164968,0.5512593630769987,0.13562686386805123,0.8474172791100111,2.534614043265687,0.832929715574228,1149.3912456921921
1.2725754745476572,0.9529229648457745,1.0041513408010778,1.2756845563130819,0.7470262083272697,0.5402965317903072,1365.8653329086967
1.4428767120823471,1.9811002827649533,0.9916632444366404,0.11271327119672214,1.730107196573269,0.8446659090902243,1575.5426882343468
0.4173796250118047,1.4301436339168399,0.5768458332138083,0.3836004036672527,0.20176774190210356,0.4313017063410146,922.0779641257279
0.4184765109478036,0.11255107250299057,0.2003966443867114,2.296640251547583,0.28475381046500914,0.37904048538303503,892.9457008503466
0.16967571117373165,1.9263778240674252,0.6734804528533248,3.490426609842334e-05,2.996677836099872,0.9150607325172224,1278.1546185622703
1.499163828624717,0.18474725185657376,0.535704493088751,1.2496974854468765,0.9799177482777328,0.2511692675484013,1227.7827236629662
1.3612286024814297,1.8897610785549572,1.047968895629013,1.5675305432567654,2.2445517361465392,0.8442123252861431,1759.1211583485003
1.0017986639246463,0.5859533443965698,0.9480909492337665,0.16390326000291688,2.4199951590804494,0.4840205725094041,1290.0913379295375
1.7039238530414746,2.3993763522865126,0.610431219476556,2.9192344889169988,2.5740698130216875,0.5140954425512597,2080.920875718296
1.6307732906051011,0.9830578031250027,0.4050495759569861,0.6783759937490158,2.9928848922064697,0.308468281489484,1553.8903942770605
1.212173292353829,0.8846358792113898,1.4832503526178287,0.9125961589088426,0.7244894557706035,0.5730422006190157,1327.4713002249819
1.7497154329751914,0.4573313207978672,0.7356022696745608,0.911827536765082,0.12105248057909912,0.3252111962762113,1227.7623323319085
0.4910982990698597,0.8334501171765156,1.0635839300923318,0.6912499863520497,1.233574553983758,0.03926941424165231,1039.29565388573
0.31264727685568294,2.203961828387681,0.2967741546097051,0.004421466258934248,0.39024200948684085,0.27199860534435605,959.1386016267531
0.6125242618822803,2.4912024103053936,0.7798255795231569,2.188034382263989,0.06727766748616537,0.006379043406590679,1285.0729296240108
0.20846502656969823,0.9839428732164359,0.13855140781725167,2.900536499397856,1.0812804814244583,0.9783547870568566,1199.95234150901
1.109222103201961,1.1766655142909022,0.8076371650746299,0.6728804498551352,2.351214753225709,0.9657472098197475,1452.721904370238
1.8795508153604268,1.832970251686569,1.4496243699647833,1.9891415754102673,1.6985420736752126,0.39515529747230504,1847.4874662497998
0.17475272727016833,2.2268698731161787,0.6378893981801202,2.2256889808761455,0.9383339676310621,0.728370854339646,1311.7989089063315
0.3320088366190509,1.523306402048282,0.15459441760487622,2.545276137271574,1.963026016478159,0.345806098410425,1385.5382515568213
0.959178153738527,1.0396616756267905,0.14333810728708093,1.2678875910408274,0.6960545409264322,0.671093157085976,1124.2669386872428
1.8743625333030194,1.090292418036697,0.6431814639256173,0.9087927169212877,0.043144338216255074,0.8054300430459791,1376.6777507407883
0.700696599455826,1.7694835515923366,0.32403491104847165,0.9758854020690934,2.293060159309282,0.9467562446922407,1421.2579933627403
1.0637461365079457,0.10772383265026884,0.13269293485946027,2.1378639992955386,1.8712292545920273,0.400212275849672,1286.8358612078923
0.178988432195745,1.5870144099036176,1.1586990595302475,2.450338399516908,2.28690787350288,0.7832979829560477,1467.1914860104234
0.3818520818279688,0.9531832250592577,0.7419322124346469,0.544841903269808,0.11681405006299683,0.2659284506321188,810.2424177392847
1.9745972336218092,2.006073595065002,0.5049426807617163,1.1128230244732955,2.5113588834919565,0.9903323037936483,1897.5855374134462
1.9337255232284865,0.3231775355755172,1.360116456223073,2.70582059024745,1.85857860010891,0.025769598764351143,1718.103606119506
0.10938596377537828,1.5116854406761373,0.2625945442807358,2.4200805590842176,1.6901860521379204,0.603528806501121,1206.4810720156731
1.908442392304154,1.254334935726697,1.438286360537447,2.9545752082874275,1.8738421443435946,0.6595059816513271,1985.907480622048
1.3143278818494508,1.6415812621725459,0.5395534043282939,2.2627447790462423,2.5932997406050924,0.6880455570741288,1784.24105061127
1.749044759588042,0.25564862675912403,1.3437651412321536,1.1795856030837668,1.7608095196767213,0.12038757878908901,1479.760847569562
0.9640057257043322,1.491961089827515,0.9441200270712461,1.7719135019839132,1.742851139664538,0.9385297834731304,1535.6573265637069
1.0796324543005755,1.447563011102857,1.2573903036380825,1.983042762741961,2.9720374711972974,0.1811832790500828,1728.886076472912
1.0288085024881484,1.4455842265988104,1.47761842849465,0.23536744895137185,2.270190501205704,0.6227534032398411,1457.1454860437846
1.3670420893375983,1.5483703998314915,0.503767612946244,1.6334908773115953,1.3268814163534057,0.22267607912308496,1499.3796356902658
0.36533738403699456,1.7235230493432694,1.4455896795706302,2.1279624854178287,2.122191000098783,0.3072164170212709,1465.6288023470702
0.1569498207580881,2.0319735992338472,0.6452746528633885,0.5019639120031811,1.1676914150753654,0.5464585417281244,1103.8649483260317
0.6850668890232627,0.7475697283077144,0.6397166666316911,2.3418951522766713,0.686626387450497,0.4171934185645765,1195.8791634475358
1.4388934491996288,2.080118584432149,0.5765419459563079,1.7513183415423348,1.7905556306632784,0.1602256009765063,1662.571792951651
0.48352155903360183,1.2958136374322888,0.8579706502866192,2.856665357092784,2.7845462943418546,0.1709364024208483,1519.9994939127967
1.3795216233173428,0.2849398699223948,0.31580306044988193,0.1272668946206751,2.787418560046388,0.41814478816279965,1309.1863617097479
1.942832887603814,0.24052223018555008,0.8751960795012156,0.7959784126664009,1.025715834316471,0.7572829782755007,1386.8246464351137
0.27841135999989497,0.9021719648705459,0.8583867373740055,1.8046616378994722,1.583032398665085,0.8979646468477885,1195.0926485280797
1.37794402462774,1.983752745067522,1.166662537646818,0.8896797366177921,0.6349076957095836,0.08412766225938284,1408.1759187865352
0.9431254166786851,1.798434243378198,1.26710994671262,2.1432724922137267,2.9868933284966506,0.39310390755940106,1738.9572409941707
1.7494702833172602,1.9926759152137754,0.7166178904373935,2.277015847565793,2.943353723603807,0.10024556372287663,2002.7996758927723
0.4365845999500332,1.3414457354598626,0.5232665490920912,0.30754789219942336,1.948526789122342,0.016592480632597884,1102.8532293597355
1.4159893092297127,1.1564775950931774,0.46306885624393224,1.5415633926203032,2.4132421790324203,0.6617186826439566,1641.2464395267757
1.6924190503314094,0.4538860640950815,0.3724733713868207,1.5266716667731677,2.1453004838511003,0.6024494419665878,1504.9081741516718
1.894767017000644,0.8876626086623477,0.18070661507863484,1.1078423106466233,1.7794746571184046,0.1630191138148862,1500.0197358519538
1.398171253750327,1.1416464788173006,0.5794271703685987,2.7987745877090164,0.16004399096669308,0.2338128330930641,1400.472736809599
1.044632051616012,0.31264103123108133,0.4783467689830966,2.4825189596196635,1.3642930276579832,0.02370775364451838,1271.6006161017385
1.2739097563823063,0.629468686506907,1.4529843402129703,2.0916281457289103,2.024358906502232,0.8349472056944037,1592.8364080889492
1.7509194705095645,1.5357407057529733,0.8807923567500614,2.1429799072049924,2.032594841651054,0.9746905960485515,1877.6249347432588
1.1841585186137764,1.8655914741740556,0.5861878546427105,1.3851484314393572,1.1193678552671509,0.1354595367946908,1409.7074598814518
0.15773541342399003,2.496034027343079,0.9126546413911744,2.7629835632897275,2.8250759599740918,0.23147521376529812,1654.0094505719326
1.8688025214632578,2.3394719952245384,0.29487538188397366,2.0837862817598563,0.502071096710343,0.868409523946934,1746.6119652415775
1.4101008269599662,1.6421564788844598,0.721661248883084,2.186943184967449,1.501078338646682,0.9264637979561848,1728.547727887282
1.3853754329767685,1.110995327905773,0.9767280499894893,2.5850727113620358,2.0726519296524684,0.41962738280681033,1667.765790285929
0.5097827895556626,1.6268256752997585,0.7844569645094319,0.822214768026573,2.091407417675428,0.050622472269074126,1275.6938083735527
1.3518823934420487,1.9855638833925568,0.6624903209160539,2.421212711600109,1.9459168703064467,0.0393918336928194,1739.637133605323
0.8483423707429011,0.38400685821612957,1.4913877444595776,0.5857218088694761,0.8258646403555805,0.5739498660690104,1071.0794458974806
1.3373426563788349,1.0837717352710918,1.3324406670084978,1.0360258567346636,0.4686197060598659,0.392895108893179,1337.7595150309553
0.3025267575851823,2.1155254855254815,0.9727683414232161,1.0068313628095282,1.9078209804801327,0.028652427577654516,1283.5017929887729
1.3499060787457684,1.0211990846393055,0.8971283056551959,2.9355764051674216,1.797906348418313,0.5832523923125568,1681.8047009086793
1.9988860789642664,1.4724934509452476,0.9689246717544177,2.5696116712437806,0.5380680308677229,0.011302536589022472,1680.2730716221386
0.19160287383505645,1.5106464660692758,0.3818369509514066,2.103509584770779,2.11541743671169,0.787371958149273,1306.168231305513
1.9566309500205028,0.5427430075207345,0.653192840570046,2.1811702848461705,1.3655159752009691,0.3064328227033716,1641.5527271079538
0.8731251253734541,0.969365059965492,0.15524334604725903,1.6862183832077133,2.0032817748094587,0.0402580030092321,1289.2763445717217
1.7544315556407923,0.9028270929806371,0.7657644524815572,2.8412720013255575,2.512101239310452,0.5883522209831533,1874.4500770760278
1.5865324197107196,0.1628721004769555,0.8602344175407284,1.4887762586470847,0.5091852857307695,0.3976844144330547,1251.234830587106
1.1773308958746689,0.1580602333392526,0.4188496305444934,1.1415531296096835,0.057434603990510036,0.9738004133571495,1035.2911191673768
1.5030534975775205,2.096072904821856,1.4496403860317193,0.489106010794773,2.33730775918736,0.5441986625037022,1743.4513293997682
1.769179566472561,0.7553699439347498,1.3732364553121388,2.358616956783174,1.8290922754578478,0.2752391810370083,1699.979039748996
0.8678666111369626,1.343389038973157,1.1110005296382683,2.203331796226774,2.098918708866365,0.7094388646339748,1565.7728623096818
0.7213630069701534,0.8169413766130553,0.8467412802715075,1.1530651155724048,2.5144649249659277,0.27149200254271133,1313.987319174703
1.368427432570811,2.357630188276817,1.317956823506759,0.07558024187768808,2.4084328044735015,0.9042432914075651,1701.7436822338013
1.6349072896883914,0.722312221277857,0.2829132813528481,2.516991983154032,2.882760440786474,0.37472197050737643,1734.051355159547
1.54834175607557,1.1311763505734442,1.206713711984839,0.0342539503622209,1.6078052365563547,0.5498685627762052,1425.3800716747407
1.6158459328314054,2.1945526011630445,0.2747491395535876,2.111099338887153,1.4654868979797162,0.05057310382422886,1703.6654958435954
0.9276082981445727,2.1206405603003406,1.2118949275691675,2.9107713291781714,1.2056615996721902,0.4261212379522308,1676.6402960289922
1.6538850107325411,0.5466434028310656,0.4860745955518997,1.3129839844446103,0.4610731285326136,0.832363539660995,1299.4637004383383
0.32839720520415605,2.026343943509705,1.3279268134254645,0.7049202149878583,1.7178216986460673,0.8056488053633419,1309.9959715769057
1.1345292861256142,1.1996485281709424,1.421658931355557,2.114613030130145,0.8310375729779363,0.22431855885352625,1468.3443338359866
0.11094145494643098,1.2591252930048527,0.3083143571671619,2.451384426046755,2.763922536638926,0.22607907101056268,1344.6987871824722
0.7167130768105135,0.4203519337982651,0.7477458470915509,1.6392909482335418,1.7495724128312928,0.8173053122132368,1223.100914347712
0.7962769162556559,0.2934436330170992,1.4733823294277593,2.901105825768439,1.7785205415243306,0.9303984201693255,1500.3436780846966
0.8527281140575852,1.8470543367370365,0.7767704103624052,0.1550061649738833,1.06477398263103,0.09536092127300355,1136.5929612300456
1.421387692710738,1.2915067656527195,1.3089665315203631,1.5143867949135843,0.15596805593312246,0.45005863942622526,1394.4852140636694
0.8382603924136568,1.148441686276431,0.9242241309838477,2.1553618419676503,0.09523129611896586,0.33745427896422897,1255.5164987372304
0.9525178829828082,1.8508197487657523,0.6254618710874426,2.587921413447537,1.2700054324595924,0.8706884554574393,1560.979896797691
0.5513338486612221,1.9372309575786635,0.5000969777362183,0.5377668357233701,0.25369613429171356,0.08352491468001877,994.3377951648852
0.8091784040957462,0.4813796024064485,0.3845123275205221,2.400010445291044,1.8205408666204175,0.2111259425580374,1312.3651908990034
0.5318122917999878,1.5645403587463391,1.1665174679287762,1.6581212271556358,2.642919016918972,0.7524683375864943,1490.2966276815591
0.2390722551600429,0.42484979746644524,0.6411567095522389,1.1896610459698898,2.6487444495561663,0.051293848981215584,1078.6222668925006
1.246552327424618,1.9033002064697095,0.8157856470810515,0.3951450857372807,1.977136230396697,0.49253538071428926,1501.7414211619125
1.369604317254531,1.6766923750411349,0.7892556720016546,2.5958872767267374,0.633695494418793,0.44210703467972,1562.3015222817335
1.2770316574182676,2.395875090600299,0.9081906409263837,0.47181962453914605,2.588990494076616,0.33440117898874866,1651.8736504475894
0.9806386832210874,0.26549923925541086,1.3118080038743731,0.9293635776272977,2.6582803059396243,0.3945723153189238,1372.692582914506
0.8215929823405366,0.23693133076301037,1.4730350810168011,0.8701365958873106,0.5899607548588761,0.5299405869302329,1066.5579665508762
1.7403339341864679,0.7772489792636803,0.6706178920033437,2.614242102572563,2.2122782573120316,0.16136735838838312,1726.9139722859609
1.0862553917588142,0.7280936409661742,1.2585264909488243,2.018108982626694,0.8595586467813688,0.5719958782835928,1359.5561982243564
1.0104455674964887,0.6927491177727996,1.1703389125166048,2.390044191574117,2.407920937058789,0.8054323292999863,1603.8050859154414
0.1487199250322278,2.275010993250488,0.9029405320378024,0.7514036963774969,2.9917136997108082,0.760160929790159,1421.1927343078455
0.748370872489697,0.6989108796388146,1.4384660010567063,1.8746222988209968,0.09007801598817844,0.15389990469377368,1132.86641535634
0.8223716756931283,0.7526793427087144,0.38066432173976383,1.7152379494312462,2.6920975973727956,0.1492494697414739,1356.974889652808
0.8577632837041108,1.922555829803113,0.25296989443346996,2.498491130364813,1.867891600795974,0.2681743677449133,1534.1385063817527
1.2023275015319315,1.179375621881296,1.295546753737591,2.718261181443782,2.9201478574944635,0.3610747263410372,1785.6674018827202
1.113844838781069,1.9641053366924348,0.7148097432872476,0.03647031443216042,1.3950285525792827,0.4084555814084826,1322.0412261607153
1.2550196763075447,0.2568787781545246,1.2857563958898848,2.022059757176378,2.5421637917141213,0.6796972168333453,1561.694555230856
1.5532781969300438,1.2701708648161223,1.3503262872735808,0.15550739735918706,0.1871822057948317,0.056680432165835404,1217.3566018569054
1.6446729035605776,0.18067264043987832,0.1874406310667,1.6465759952320678,1.0058371502348873,0.034672704226066386,1275.8885455366621
1.4644338448303393,0.25036768829285083,1.336850668180485,0.8628981871310346,0.2010496132536299,0.391910562943909,1179.7813518718792
1.9154950223143759,2.275449888026586,0.727646677517191,0.9203297985664236,2.9260294004372116,0.6971636921379805,1957.956262526218
0.1346419070850871,0.43418889068222843,0.8146054846059251,1.0588755103570697,2.45092172181551,0.19343534295648257,1041.453008741899
0.47197817279873755,1.377809637460521,0.9772295155304942,1.8638773471488304,2.5576422637379115,0.6415044812562517,1468.0430852053348
0.11436946245847003,1.0866294462416957,1.3969356494221215,1.0021498970063076,2.8138956943016824,0.25982813794029946,1257.4637323760833
1.3302019568937458,0.9336239830212224,0.12676253220166964,2.198097151770841,0.25531045835935606,0.8860861088135163,1337.3856814905396
1.806258043004975,2.259600029649454,0.7675808556449438,1.2135821567216092,1.1567927775400002,0.8956899442666165,1717.687444128151
0.5626163634949686,0.1523761522611748,1.062810859402785,0.20505960092987585,0.21310466713200638,0.2972872042813265,779.9762946974345
1.8613656351129826,1.6930952468214138,1.11178974077752,2.3512795274523217,0.6323793046500858,0.2299937539632405,1715.8980483114337
0.21450804155016562,2.412146642112521,1.0695454041519512,0.857274973778118,0.6880973311130171,0.41130397206623126,1162.615525919309
1.8754284509304773,1.4444036403084206,0.2882091811713706,1.2983006387977878,1.407321633142736,0.24053158518014872,1526.7761779056252
0.7680831057553054,2.34837390887942,0.5191538237203537,2.0563316496657045,0.8056865023609278,0.6723838432917036,1449.819782073068
0.2926995740535114,0.22541891028645705,0.6022017355838188,0.997368471446136,0.3029343204532833,0.8260646845482855,859.5050029471575
1.0231563424540187,1.1051039657779873,1.226212090751307,0.16975696844014687,0.5024732672823231,0.673092130911217,1134.4035740444237
0.5878754786689651,0.7243786983089228,0.49026382138037417,1.1217631410384408,0.4418266906562728,0.8243504472493495,985.7248754903287
0.6412585137276533,1.8539703159537515,0.3949869494140844,2.8333457480829103,2.919230393736895,0.39699216220747413,1672.6695032014131
0.6838509333599444,2.455113017193392,1.4404272266533347,1.9252031918956747,2.2778775207554207,0.15631697070886086,1664.9295075511402
1.6257492058820606,0.7156721498661947,0.11240859915885647,2.0144374460016206,2.903284395808686,0.7379509473975921,1715.746197709868
1.1244064256829835,1.6700190435377789,1.4969491979547696,1.8968464609129194,1.3192214595237255,0.3604745051415539,1543.9254114232356
0.6914846283964069,0.5754343186233762,1.0475498184003538,0.5969764168783104,0.8351054449879698,0.6712708252291325,1053.758375348419
1.259634188290745,1.4567926109718639,1.259857019228764,1.2550015923068405,2.39487959162756,0.27064394198176567,1620.4957840476713
1.4606862810240677,1.2134379680520069,0.5124671548846704,2.2528193950899547,0.9787617541234404,0.08122963480667267,1473.5133868441199
0.6179856013937141,2.432812791115689,0.12004138873388398,0.30411869265947744,0.8981501211160449,0.9925817954877634,1211.6816047754116
0.8857432928981678,1.5604654544715197,1.133017325986142,0.8335583282691368,0.6975179766234936,0.15620150793059928,1238.446160337864
0.3315835773402004,0.9388152930083651,1.267802435800946,0.8289573253975608,0.38903693467270606,0.988420993963481,1023.5314883458508
0.44418376411589255,0.3738298837310401,1.1366665847349269,1.296056782783518,0.7693891830502979,0.9772799325664473,1023.6384856879831
1.3941239225334674,0.462992388963843,0.299990402221174,2.941106222826555,1.065959245421663,0.7938181039080396,1497.0393170575703
0.44473286062169115,0.6407606318829642,1.1547990911597568,0.20250764005146582,2.0219826244371912,0.6594229620819976,1090.226814554668
1.0978104289674142,0.7023199872167152,1.1764918949506973,1.556102983141785,0.18769452665835473,0.5778070502510847,1216.9330791933096
1.4471878972726222,2.1414785388187307,1.0219567219380767,0.5380940460366314,0.6315208189960289,0.8661015453778347,1483.6558930963222
0.3030661538800133,1.44693469187806,1.1725623059138206,2.9120296362292324,2.427070920875029,0.28943952161948794,1513.2237537681456
1.1778932172949168,1.3561381872984795,1.284290015548825,0.3399105141823926,0.4407657707513123,0.46768121248487704,1249.2319658034676
0.5874692890325911,0.3754452924861219,0.9590457599324417,1.2108030070847737,1.0279354395675646,0.6193899693665019,1061.4608626158972
1.9295610629514017,2.1643352640386437,0.22404659955755069,2.2136549545038187,2.5939767655744204,0.4111904758694911,1943.3950627726956
1.018736728767857,1.834754327700361,0.7826789335340951,2.1136632840823357,0.46477593343032797,0.427486454090268,1403.7657103233735
1.6313858445728004,0.2624040685600038,0.2087090685402471,1.2681859106817968,0.2482105068545697,0.3302846675020844,1167.3964600941722
1.1454304300968974,1.798804233351445,0.6705602434454031,1.0395725038581547,1.4536139852400325,0.564231816684536,1469.5894661080583
0.1824838124241564,1.4044917216223507,0.6699490847758787,1.1928371356586118,0.9072585338356092,0.850574528015116,1082.1114773461873
1.3029876136286425,0.2961408297922678,0.19241378179633822,0.7928287894759178,1.6902250934515624,0.20152837800631285,1170.5543520685071
1.9076663501926483,1.1999215396687755,0.5883487475572711,0.6159988161203994,2.4114146714504257,0.9344330387534414,1732.3295478082287
1.2430624582780292,1.2632710891121128,0.2553973383078407,1.44911909267667,0.4114454644582295,0.6890876537482297,1282.6447312386804
1.6564588329109013,0.49785889639186176,1.231529294012911,0.805601268202822,1.742097253662855,0.8232732126800302,1517.5166127950333
1.7799922803619748,2.3696755528006777,1.4267632363502591,0.8623849946917503,1.5165262811695919,0.5561906926300116,1779.7828302439334
0.5333515667029717,2.1399408915535885,0.20124306536111405,1.9702681904236712,0.4322363580395987,0.7795167014240635,1274.567507698304
0.5028851958256306,1.70565360958986,1.437161290208382,2.905611995099677,1.8719954565869472,0.01620039733946721,1560.7099838261909
1.2608638788168842,1.2095093464014572,0.8316072390714432,1.8109116016781253,0.8209212535823149,0.8183804247795352,1464.8935771447473
0.8809540926327389,1.0882372998028205,0.5193919491354234,0.23093840119489883,1.4635029556320376,0.04013885908536652,1122.1888734745874
1.6957364754467688,1.6623363211622901,0.2076069053866289,0.22675084156220093,0.24681697283118564,0.8899133763628625,1335.6645326766725
1.8100439344562211,1.4090364865765732,0.8008739752985848,2.854269662536698,1.378752171640869,0.9919627472386433,1839.181105298523
0.7715006206751643,0.24945545411652548,1.2123217622870481,0.8918723709220009,0.919390404128461,0.2940674621767778,1031.6772683528616
0.5500540620515159,1.330006357048796,1.0899210681733773,0.2762009582474263,2.467143633556063,0.21031855628579366,1252.9628866142966
1.5829984789633376,2.0353686813588148,0.17031641604956327,1.7971337614511447,0.17093618099210484,0.7653633638580407,1522.6595065949361
0.6221314675414585,1.2021757062326994,0.2020625695150649,1.8709463348707982,1.2558218247549897,0.2530263409202532,1193.260407218784
1.662967205175989,0.22469578613024419,0.6640225956856919,1.9455144603560646,1.375294272394314,0.8655623831722035,1510.450833494677
0.9051026819326493,1.9870676785216794,0.5134066916671206,0.8022060835726239,2.1750182288973563,0.10284259215747671,1438.2568935140262
1.368344808653794,0.5832730771263385,0.425338052278467,0.0453320526434251,1.722862725270633,0.12595519637935826,1162.949759288003
0.2815170962858695,0.720690003731293,0.49340629847219897,2.895046108363416,2.001637011582543,0.9791515551006156,1320.902829685145
1.2853327168854887,0.49529524823751014,1.2248758406156386,0.7526791370733075,2.331147856955268,0.6738388982700046,1433.5904038820124
0.9583585896007353,0.892516155691594,1.4009192750845956,2.0280788641576426,2.5866089209745664,0.8468872244289528,1623.47765473042
1.2145560800334008,1.916203613652724,0.6671437723385929,2.119889609636129,0.9416264901674115,0.324329377351518,1514.008243856183
0.4192269947152405,1.3465260628094498,1.3685554029854958,1.8300222512384572,1.6140681160917087,0.6764837495206044,1381.9616644092737
1.5000601153939461,0.5917150579617101,0.5500939817470347,0.9387221826409446,2.5203242353175996,0.5942418273085972,1496.036605683488
1.7393144473321343,2.206792187564898,0.7670117808813082,0.8132887612921973,2.9683533928951693,0.603150120122947,1868.0673846298216
0.5118056201724737,2.21099645188367,0.41644059694239954,1.7930048481081093,2.6685579331312894,0.6825324595377216,1521.6180574895977
0.28185765548830727,2.1893882201104167,0.9966664590461815,2.5982869008350744,1.1144017878731303,0.5753591731290986,1394.7648453444574
0.14491331348803915,0.6731109073156942,1.4705735612447324,2.840201186770187,0.5854995516559512,0.42906236930266595,1152.6728686388115
1.3197458508422055,1.1829744260343715,0.94489033446073,0.3177174132112729,1.4681776122197663,0.27592269438054684,1279.0292617489652
1.2534786685686834,2.4639751747381,0.6009397177589684,0.46448583779315955,2.2249243555081266,0.768581330913202,1640.137383283522
1.1387250841567331,1.9528299431439768,1.0069444243867396,2.834208776349239,1.4777072122598929,0.2262724300031862,1684.6448917258258
0.5406994826203533,0.16520181094134356,0.2720889498515426,2.2096056850043775,1.4495425899410055,0.6923543061544142,1194.96597725111
0.8427213922204778,0.2564910190251809,1.344122712371558,2.648981474489319,2.5146912632454015,0.23333282264932664,1537.6482619684584
1.2295050368537288,1.2134353043495987,0.8043175310917708,0.6078979024060295,1.084211337201559,0.6253301699544539,1297.8445158536122
1.0438570318324218,2.282128494067744,0.7290896388554988,1.7627576133282057,2.579384024434937,0.7470782671290289,1740.3464883123509
1.976792488408286,1.3928843150865142,0.9202107038349268,2.1034187832524207,1.2204144028551707,0.2187138889065392,1744.6514708120474
0.35923552985779295,1.2947500192822965,0.9746974079051633,2.040335656340918,0.9846993170350182,0.05994330086130828,1211.7624418915395
1.4207746526904281,0.35313687989591336,0.20048612871711824,1.2244550726000942,1.361969733599097,0.13097374299417408,1202.2692704638764
0.868205659398155,1.6762722513383057,1.0556641097127633,0.04618467507392543,2.2873408760246052,0.6059969672710255,1339.177639130837
0.913579268358668,2.0730475854405412,0.43870435244174144,1.7487781704127894,0.37800608359198284,0.8494464062257355,1351.9050053335768
1.4634357547505348,1.0130080180181495,1.0995336855092257,0.7593046175388263,0.5892576476160521,0.04499682123542437,1284.359811548217
1.4156286875163024,1.961468442220786,1.2515487121378754,1.3507627384286711,2.854334476989276,0.7341512590416462,1853.2298395457426
1.9833863880341578,2.4147439693619477,1.2255419105735283,2.872743045251452,0.5264748821440721,0.3413186459500521,1945.0667102159775
